"","eigenvalue","percentage of variance","cumulative percentage of variance"
"comp 1",2.22693332979043,55.6733332447608,55.6733332447608
"comp 2",0.94428315161173,23.6070787902932,79.280412035054
"comp 3",0.525033899901197,13.1258474975299,92.4062595325839
"comp 4",0.303749618696643,7.59374046741606,100